item,epouse
http://www.wikidata.org/entity/Q170026,http://www.wikidata.org/entity/Q232329
http://www.wikidata.org/entity/Q170512,t291183301
http://www.wikidata.org/entity/Q171023,http://www.wikidata.org/entity/Q383304
http://www.wikidata.org/entity/Q171083,http://www.wikidata.org/entity/Q4066696
http://www.wikidata.org/entity/Q172168,http://www.wikidata.org/entity/Q234562
http://www.wikidata.org/entity/Q172248,http://www.wikidata.org/entity/Q255448
http://www.wikidata.org/entity/Q172248,http://www.wikidata.org/entity/Q17428083
http://www.wikidata.org/entity/Q172471,http://www.wikidata.org/entity/Q272630
http://www.wikidata.org/entity/Q174265,http://www.wikidata.org/entity/Q12902065
http://www.wikidata.org/entity/Q174536,t2254379168
http://www.wikidata.org/entity/Q175121,http://www.wikidata.org/entity/Q12271314
http://www.wikidata.org/entity/Q176122,t1390590825
http://www.wikidata.org/entity/Q177975,http://www.wikidata.org/entity/Q255870
http://www.wikidata.org/entity/Q177980,http://www.wikidata.org/entity/Q2275435
http://www.wikidata.org/entity/Q180081,http://www.wikidata.org/entity/Q435959
http://www.wikidata.org/entity/Q180081,http://www.wikidata.org/entity/Q1281529
http://www.wikidata.org/entity/Q182070,http://www.wikidata.org/entity/Q45535
http://www.wikidata.org/entity/Q184549,http://www.wikidata.org/entity/Q238023
http://www.wikidata.org/entity/Q185476,http://www.wikidata.org/entity/Q3898864
http://www.wikidata.org/entity/Q185519,t2254348066
http://www.wikidata.org/entity/Q185538,http://www.wikidata.org/entity/Q7089020
http://www.wikidata.org/entity/Q187004,t2254489037
http://www.wikidata.org/entity/Q188646,http://www.wikidata.org/entity/Q12898817
http://www.wikidata.org/entity/Q189108,http://www.wikidata.org/entity/Q437472
http://www.wikidata.org/entity/Q190097,http://www.wikidata.org/entity/Q2337379
http://www.wikidata.org/entity/Q191039,http://www.wikidata.org/entity/Q229413
http://www.wikidata.org/entity/Q191940,http://www.wikidata.org/entity/Q232329
http://www.wikidata.org/entity/Q191940,http://www.wikidata.org/entity/Q29827820
http://www.wikidata.org/entity/Q192998,http://www.wikidata.org/entity/Q12296044
http://www.wikidata.org/entity/Q193047,http://www.wikidata.org/entity/Q273622
http://www.wikidata.org/entity/Q193047,http://www.wikidata.org/entity/Q446260
http://www.wikidata.org/entity/Q193506,http://www.wikidata.org/entity/Q270591
http://www.wikidata.org/entity/Q193506,http://www.wikidata.org/entity/Q2334126
http://www.wikidata.org/entity/Q193678,http://www.wikidata.org/entity/Q174323
http://www.wikidata.org/entity/Q200031,http://www.wikidata.org/entity/Q18759343
http://www.wikidata.org/entity/Q201905,http://www.wikidata.org/entity/Q237907
http://www.wikidata.org/entity/Q203636,http://www.wikidata.org/entity/Q257819
http://www.wikidata.org/entity/Q206119,http://www.wikidata.org/entity/Q20001998
http://www.wikidata.org/entity/Q207370,http://www.wikidata.org/entity/Q442599
http://www.wikidata.org/entity/Q46768,http://www.wikidata.org/entity/Q45530
http://www.wikidata.org/entity/Q46780,http://www.wikidata.org/entity/Q263385
http://www.wikidata.org/entity/Q47154,http://www.wikidata.org/entity/Q6697230
http://www.wikidata.org/entity/Q48174,http://www.wikidata.org/entity/Q2259
http://www.wikidata.org/entity/Q48174,http://www.wikidata.org/entity/Q152626
http://www.wikidata.org/entity/Q48174,http://www.wikidata.org/entity/Q180807
http://www.wikidata.org/entity/Q51380,http://www.wikidata.org/entity/Q347310
http://www.wikidata.org/entity/Q51380,http://www.wikidata.org/entity/Q436302
http://www.wikidata.org/entity/Q51673,http://www.wikidata.org/entity/Q635
http://www.wikidata.org/entity/Q51673,http://www.wikidata.org/entity/Q229483
http://www.wikidata.org/entity/Q51673,http://www.wikidata.org/entity/Q233077
http://www.wikidata.org/entity/Q51673,http://www.wikidata.org/entity/Q598225
http://www.wikidata.org/entity/Q51673,http://www.wikidata.org/entity/Q11923347
http://www.wikidata.org/entity/Q63447,t2246977590
http://www.wikidata.org/entity/Q68880,http://www.wikidata.org/entity/Q242382
http://www.wikidata.org/entity/Q73354,t1389191073
http://www.wikidata.org/entity/Q75826,http://www.wikidata.org/entity/Q544988
http://www.wikidata.org/entity/Q75826,http://www.wikidata.org/entity/Q93121717
http://www.wikidata.org/entity/Q93734,t2250112440
http://www.wikidata.org/entity/Q94504,t2250141004
http://www.wikidata.org/entity/Q103860,http://www.wikidata.org/entity/Q4969181
http://www.wikidata.org/entity/Q104475,http://www.wikidata.org/entity/Q239015
http://www.wikidata.org/entity/Q105452,http://www.wikidata.org/entity/Q458528
http://www.wikidata.org/entity/Q120015,http://www.wikidata.org/entity/Q618583
http://www.wikidata.org/entity/Q120122,t2253919780
http://www.wikidata.org/entity/Q122321,t2250572771
http://www.wikidata.org/entity/Q125414,http://www.wikidata.org/entity/Q235087
http://www.wikidata.org/entity/Q125414,http://www.wikidata.org/entity/Q270384
http://www.wikidata.org/entity/Q125414,http://www.wikidata.org/entity/Q273616
http://www.wikidata.org/entity/Q125414,http://www.wikidata.org/entity/Q380857
http://www.wikidata.org/entity/Q125414,http://www.wikidata.org/entity/Q518068
http://www.wikidata.org/entity/Q125545,http://www.wikidata.org/entity/Q435946
http://www.wikidata.org/entity/Q131195,http://www.wikidata.org/entity/Q170164
http://www.wikidata.org/entity/Q131195,http://www.wikidata.org/entity/Q232094
http://www.wikidata.org/entity/Q138217,t2254007391
http://www.wikidata.org/entity/Q145194,t2254018885
http://www.wikidata.org/entity/Q155312,t2254138017
http://www.wikidata.org/entity/Q155312,t2254138025
http://www.wikidata.org/entity/Q156778,http://www.wikidata.org/entity/Q229836
http://www.wikidata.org/entity/Q159798,http://www.wikidata.org/entity/Q446730
http://www.wikidata.org/entity/Q159798,http://www.wikidata.org/entity/Q1291385
http://www.wikidata.org/entity/Q164923,http://www.wikidata.org/entity/Q2391729
http://www.wikidata.org/entity/Q165448,http://www.wikidata.org/entity/Q3492603
http://www.wikidata.org/entity/Q167902,http://www.wikidata.org/entity/Q1672591
http://www.wikidata.org/entity/Q168707,http://www.wikidata.org/entity/Q1027458
http://www.wikidata.org/entity/Q168707,http://www.wikidata.org/entity/Q22694448
http://www.wikidata.org/entity/Q168707,http://www.wikidata.org/entity/Q22694450
http://www.wikidata.org/entity/Q251964,http://www.wikidata.org/entity/Q25338418
http://www.wikidata.org/entity/Q255465,http://www.wikidata.org/entity/Q93257035
http://www.wikidata.org/entity/Q261441,t2255048141
http://www.wikidata.org/entity/Q267534,t2255187793
http://www.wikidata.org/entity/Q267630,t2255226445
http://www.wikidata.org/entity/Q272082,http://www.wikidata.org/entity/Q453035
http://www.wikidata.org/entity/Q273671,http://www.wikidata.org/entity/Q11926234
http://www.wikidata.org/entity/Q274545,t2248350781
http://www.wikidata.org/entity/Q276309,http://www.wikidata.org/entity/Q232380
http://www.wikidata.org/entity/Q280869,http://www.wikidata.org/entity/Q292219
http://www.wikidata.org/entity/Q281025,t2255220409
http://www.wikidata.org/entity/Q282684,t2255117640
http://www.wikidata.org/entity/Q283141,t2255301362
http://www.wikidata.org/entity/Q285148,http://www.wikidata.org/entity/Q241143
http://www.wikidata.org/entity/Q285517,http://www.wikidata.org/entity/Q229871
http://www.wikidata.org/entity/Q285517,http://www.wikidata.org/entity/Q544399
http://www.wikidata.org/entity/Q285755,t2255089142
http://www.wikidata.org/entity/Q289392,t2255142169
http://www.wikidata.org/entity/Q289392,t2255142171
http://www.wikidata.org/entity/Q294846,http://www.wikidata.org/entity/Q20108618
http://www.wikidata.org/entity/Q294862,t2255103844
http://www.wikidata.org/entity/Q295228,http://www.wikidata.org/entity/Q9338191
http://www.wikidata.org/entity/Q211396,http://www.wikidata.org/entity/Q1327859
http://www.wikidata.org/entity/Q212109,http://www.wikidata.org/entity/Q50126003
http://www.wikidata.org/entity/Q212671,http://www.wikidata.org/entity/Q464034
http://www.wikidata.org/entity/Q212671,http://www.wikidata.org/entity/Q16182420
http://www.wikidata.org/entity/Q212876,http://www.wikidata.org/entity/Q254471
http://www.wikidata.org/entity/Q214765,http://www.wikidata.org/entity/Q449587
http://www.wikidata.org/entity/Q214765,http://www.wikidata.org/entity/Q4111991
http://www.wikidata.org/entity/Q223440,http://www.wikidata.org/entity/Q55371769
http://www.wikidata.org/entity/Q241707,http://www.wikidata.org/entity/Q239314
http://www.wikidata.org/entity/Q242819,http://www.wikidata.org/entity/Q2090689
http://www.wikidata.org/entity/Q242819,http://www.wikidata.org/entity/Q16542257
http://www.wikidata.org/entity/Q1048,http://www.wikidata.org/entity/Q234825
http://www.wikidata.org/entity/Q1048,http://www.wikidata.org/entity/Q235423
http://www.wikidata.org/entity/Q1048,http://www.wikidata.org/entity/Q235627
http://www.wikidata.org/entity/Q1405,http://www.wikidata.org/entity/Q233444
http://www.wikidata.org/entity/Q1405,http://www.wikidata.org/entity/Q237618
http://www.wikidata.org/entity/Q1405,http://www.wikidata.org/entity/Q469701
http://www.wikidata.org/entity/Q1407,http://www.wikidata.org/entity/Q2259
http://www.wikidata.org/entity/Q1407,http://www.wikidata.org/entity/Q232090
http://www.wikidata.org/entity/Q1409,http://www.wikidata.org/entity/Q240928
http://www.wikidata.org/entity/Q1409,http://www.wikidata.org/entity/Q241982
http://www.wikidata.org/entity/Q1409,http://www.wikidata.org/entity/Q242199
http://www.wikidata.org/entity/Q1409,http://www.wikidata.org/entity/Q256048
http://www.wikidata.org/entity/Q1411,http://www.wikidata.org/entity/Q154732
http://www.wikidata.org/entity/Q1411,http://www.wikidata.org/entity/Q229871
http://www.wikidata.org/entity/Q1411,http://www.wikidata.org/entity/Q236259
http://www.wikidata.org/entity/Q1411,http://www.wikidata.org/entity/Q238448
http://www.wikidata.org/entity/Q1414,http://www.wikidata.org/entity/Q3655890
http://www.wikidata.org/entity/Q1416,http://www.wikidata.org/entity/Q230716
http://www.wikidata.org/entity/Q1417,http://www.wikidata.org/entity/Q260039
http://www.wikidata.org/entity/Q1417,http://www.wikidata.org/entity/Q542643
http://www.wikidata.org/entity/Q1419,http://www.wikidata.org/entity/Q241102
http://www.wikidata.org/entity/Q1421,http://www.wikidata.org/entity/Q731059
http://www.wikidata.org/entity/Q1421,http://www.wikidata.org/entity/Q1528430
http://www.wikidata.org/entity/Q1425,http://www.wikidata.org/entity/Q239448
http://www.wikidata.org/entity/Q1427,http://www.wikidata.org/entity/Q232716
http://www.wikidata.org/entity/Q1429,http://www.wikidata.org/entity/Q234734
http://www.wikidata.org/entity/Q1430,http://www.wikidata.org/entity/Q236936
http://www.wikidata.org/entity/Q1433,http://www.wikidata.org/entity/Q242466
http://www.wikidata.org/entity/Q1434,http://www.wikidata.org/entity/Q233578
http://www.wikidata.org/entity/Q1436,http://www.wikidata.org/entity/Q2604067
http://www.wikidata.org/entity/Q1440,http://www.wikidata.org/entity/Q2479052
http://www.wikidata.org/entity/Q1442,http://www.wikidata.org/entity/Q229246
http://www.wikidata.org/entity/Q1442,http://www.wikidata.org/entity/Q50989199
http://www.wikidata.org/entity/Q1446,http://www.wikidata.org/entity/Q238151
http://www.wikidata.org/entity/Q1541,http://www.wikidata.org/entity/Q435936
http://www.wikidata.org/entity/Q1541,http://www.wikidata.org/entity/Q11943302
http://www.wikidata.org/entity/Q1752,http://www.wikidata.org/entity/Q2724125
http://www.wikidata.org/entity/Q1762,http://www.wikidata.org/entity/Q241466
http://www.wikidata.org/entity/Q1762,http://www.wikidata.org/entity/Q242457
http://www.wikidata.org/entity/Q1762,http://www.wikidata.org/entity/Q256015
http://www.wikidata.org/entity/Q1769,http://www.wikidata.org/entity/Q237861
http://www.wikidata.org/entity/Q1769,http://www.wikidata.org/entity/Q11950511
http://www.wikidata.org/entity/Q1777,http://www.wikidata.org/entity/Q3372698
http://www.wikidata.org/entity/Q1812,http://www.wikidata.org/entity/Q2293889
http://www.wikidata.org/entity/Q1817,http://www.wikidata.org/entity/Q241474
http://www.wikidata.org/entity/Q1830,http://www.wikidata.org/entity/Q236466
http://www.wikidata.org/entity/Q2054,http://www.wikidata.org/entity/Q459183
http://www.wikidata.org/entity/Q2161,http://www.wikidata.org/entity/Q3655670
http://www.wikidata.org/entity/Q2186,http://www.wikidata.org/entity/Q1402198
http://www.wikidata.org/entity/Q2253,http://www.wikidata.org/entity/Q380862
http://www.wikidata.org/entity/Q2307,http://www.wikidata.org/entity/Q3656094
http://www.wikidata.org/entity/Q7170,http://www.wikidata.org/entity/Q435936
http://www.wikidata.org/entity/Q8413,http://www.wikidata.org/entity/Q45522
http://www.wikidata.org/entity/Q8413,http://www.wikidata.org/entity/Q231063
http://www.wikidata.org/entity/Q8833,http://www.wikidata.org/entity/Q3518324
http://www.wikidata.org/entity/Q9200,t2255848079
http://www.wikidata.org/entity/Q17131,http://www.wikidata.org/entity/Q263459
http://www.wikidata.org/entity/Q33941,http://www.wikidata.org/entity/Q1001933
http://www.wikidata.org/entity/Q34074,http://www.wikidata.org/entity/Q1898418
http://www.wikidata.org/entity/Q43107,http://www.wikidata.org/entity/Q164210
http://www.wikidata.org/entity/Q44344,http://www.wikidata.org/entity/Q22348371
http://www.wikidata.org/entity/Q46418,http://www.wikidata.org/entity/Q63533
http://www.wikidata.org/entity/Q46418,http://www.wikidata.org/entity/Q273627
http://www.wikidata.org/entity/Q46418,http://www.wikidata.org/entity/Q4957545
http://www.wikidata.org/entity/Q46696,http://www.wikidata.org/entity/Q235603
http://www.wikidata.org/entity/Q46696,http://www.wikidata.org/entity/Q236999
http://www.wikidata.org/entity/Q46720,http://www.wikidata.org/entity/Q254471
http://www.wikidata.org/entity/Q46720,http://www.wikidata.org/entity/Q1233341
http://www.wikidata.org/entity/Q46750,http://www.wikidata.org/entity/Q1133331
http://www.wikidata.org/entity/Q46750,http://www.wikidata.org/entity/Q1248608
http://www.wikidata.org/entity/Q772631,t1124815102
http://www.wikidata.org/entity/Q772631,t1124815150
http://www.wikidata.org/entity/Q772650,t1666817158
http://www.wikidata.org/entity/Q772811,t297181897
http://www.wikidata.org/entity/Q772930,t1396296091
http://www.wikidata.org/entity/Q773031,t1124815139
http://www.wikidata.org/entity/Q773031,t1124815156
http://www.wikidata.org/entity/Q773031,t1124815175
http://www.wikidata.org/entity/Q773056,t1396296136
http://www.wikidata.org/entity/Q773079,t1935909201
http://www.wikidata.org/entity/Q773092,t9585273
http://www.wikidata.org/entity/Q773119,t1666817096
http://www.wikidata.org/entity/Q773119,t1666817164
http://www.wikidata.org/entity/Q774066,t851131296
http://www.wikidata.org/entity/Q774066,t851131307
http://www.wikidata.org/entity/Q776343,http://www.wikidata.org/entity/Q3122988
http://www.wikidata.org/entity/Q776343,http://www.wikidata.org/entity/Q4882584
http://www.wikidata.org/entity/Q776549,t1124815196
http://www.wikidata.org/entity/Q776877,http://www.wikidata.org/entity/Q3656043
http://www.wikidata.org/entity/Q779125,t1396296043
http://www.wikidata.org/entity/Q779957,t2254328447
http://www.wikidata.org/entity/Q781626,t576070937
http://www.wikidata.org/entity/Q782025,t1124815177
http://www.wikidata.org/entity/Q784108,t1666817039
http://www.wikidata.org/entity/Q784146,t1124815131
http://www.wikidata.org/entity/Q784146,t1124815148
http://www.wikidata.org/entity/Q784146,t1124815218
http://www.wikidata.org/entity/Q787709,t1935909206
http://www.wikidata.org/entity/Q705117,http://www.wikidata.org/entity/Q255410
http://www.wikidata.org/entity/Q705372,t1666280590
http://www.wikidata.org/entity/Q705383,http://www.wikidata.org/entity/Q8265475
http://www.wikidata.org/entity/Q705416,t2254329303
http://www.wikidata.org/entity/Q705416,t2254329306
http://www.wikidata.org/entity/Q705766,http://www.wikidata.org/entity/Q105763856
http://www.wikidata.org/entity/Q706305,t850576699
http://www.wikidata.org/entity/Q706722,t1395754167
http://www.wikidata.org/entity/Q707738,http://www.wikidata.org/entity/Q231696
http://www.wikidata.org/entity/Q708263,t296612751
http://www.wikidata.org/entity/Q708483,t1935396707
http://www.wikidata.org/entity/Q708483,t1935396724
http://www.wikidata.org/entity/Q708570,t2217620805
http://www.wikidata.org/entity/Q708722,http://www.wikidata.org/entity/Q442503
http://www.wikidata.org/entity/Q709224,t1124269015
http://www.wikidata.org/entity/Q709224,t1124269057
http://www.wikidata.org/entity/Q709926,t296612736
http://www.wikidata.org/entity/Q710717,http://www.wikidata.org/entity/Q12093419
http://www.wikidata.org/entity/Q710851,t1666280594
http://www.wikidata.org/entity/Q710851,t1666280709
http://www.wikidata.org/entity/Q710851,t1666280732
http://www.wikidata.org/entity/Q710877,http://www.wikidata.org/entity/Q11938274
http://www.wikidata.org/entity/Q712195,t575504124
http://www.wikidata.org/entity/Q712202,t2240623919
http://www.wikidata.org/entity/Q713394,t2244522780
http://www.wikidata.org/entity/Q713394,t2244522784
http://www.wikidata.org/entity/Q714622,t2244249569
http://www.wikidata.org/entity/Q714670,t1935396704
http://www.wikidata.org/entity/Q714856,http://www.wikidata.org/entity/Q3132611
http://www.wikidata.org/entity/Q715220,t850576564
http://www.wikidata.org/entity/Q715490,t575504088
http://www.wikidata.org/entity/Q715494,http://www.wikidata.org/entity/Q57422063
http://www.wikidata.org/entity/Q715499,t2217996036
http://www.wikidata.org/entity/Q715499,t2217996037
http://www.wikidata.org/entity/Q715499,t2217996039
http://www.wikidata.org/entity/Q716420,t1124269007
http://www.wikidata.org/entity/Q716693,http://www.wikidata.org/entity/Q12279512
http://www.wikidata.org/entity/Q716708,http://www.wikidata.org/entity/Q12295763
http://www.wikidata.org/entity/Q717383,http://www.wikidata.org/entity/Q105287788
http://www.wikidata.org/entity/Q717414,http://www.wikidata.org/entity/Q5057381
http://www.wikidata.org/entity/Q717806,http://www.wikidata.org/entity/Q3655950
http://www.wikidata.org/entity/Q718090,t2217959337
http://www.wikidata.org/entity/Q718125,t8992383
http://www.wikidata.org/entity/Q718125,t8992401
http://www.wikidata.org/entity/Q718165,http://www.wikidata.org/entity/Q154732
http://www.wikidata.org/entity/Q718165,http://www.wikidata.org/entity/Q433381
http://www.wikidata.org/entity/Q718546,http://www.wikidata.org/entity/Q12297680
http://www.wikidata.org/entity/Q718560,http://www.wikidata.org/entity/Q12274550
http://www.wikidata.org/entity/Q718782,t8992436
http://www.wikidata.org/entity/Q720358,t1124269076
http://www.wikidata.org/entity/Q720505,t850853634
http://www.wikidata.org/entity/Q720511,http://www.wikidata.org/entity/Q104641065
http://www.wikidata.org/entity/Q720836,t296612685
http://www.wikidata.org/entity/Q720836,t296612773
http://www.wikidata.org/entity/Q720855,http://www.wikidata.org/entity/Q2268436
http://www.wikidata.org/entity/Q721170,http://www.wikidata.org/entity/Q268964
http://www.wikidata.org/entity/Q721477,http://www.wikidata.org/entity/Q2126654
http://www.wikidata.org/entity/Q721605,t575504184
http://www.wikidata.org/entity/Q721788,http://www.wikidata.org/entity/Q233444
http://www.wikidata.org/entity/Q721800,t1124269083
http://www.wikidata.org/entity/Q721806,t1124269074
http://www.wikidata.org/entity/Q721898,http://www.wikidata.org/entity/Q12294118
http://www.wikidata.org/entity/Q721942,t1666280707
http://www.wikidata.org/entity/Q722098,t1935396767
http://www.wikidata.org/entity/Q722935,http://www.wikidata.org/entity/Q12141786
http://www.wikidata.org/entity/Q723230,t575504095
http://www.wikidata.org/entity/Q723447,t1666280749
http://www.wikidata.org/entity/Q725696,t1935396766
http://www.wikidata.org/entity/Q725696,t1935396832
http://www.wikidata.org/entity/Q728918,t9291157
http://www.wikidata.org/entity/Q731587,t1666553405
http://www.wikidata.org/entity/Q731587,t1666553441
http://www.wikidata.org/entity/Q732865,http://www.wikidata.org/entity/Q291907
http://www.wikidata.org/entity/Q741553,t1666553392
http://www.wikidata.org/entity/Q745111,t2241282747
http://www.wikidata.org/entity/Q745241,http://www.wikidata.org/entity/Q2068391
http://www.wikidata.org/entity/Q745586,t296900873
http://www.wikidata.org/entity/Q745715,t296900828
http://www.wikidata.org/entity/Q746582,t2217996053
http://www.wikidata.org/entity/Q761326,t1396296137
http://www.wikidata.org/entity/Q762148,http://www.wikidata.org/entity/Q3655749
http://www.wikidata.org/entity/Q763048,t1124545706
http://www.wikidata.org/entity/Q763627,http://www.wikidata.org/entity/Q433381
http://www.wikidata.org/entity/Q764119,t1666817135
http://www.wikidata.org/entity/Q764119,t1666817139
http://www.wikidata.org/entity/Q764528,http://www.wikidata.org/entity/Q12295764
http://www.wikidata.org/entity/Q764629,http://www.wikidata.org/entity/Q21710836
http://www.wikidata.org/entity/Q764874,t851131336
http://www.wikidata.org/entity/Q765997,http://www.wikidata.org/entity/Q469712
http://www.wikidata.org/entity/Q766216,t1124545660
http://www.wikidata.org/entity/Q766216,t1124545720
http://www.wikidata.org/entity/Q767986,http://www.wikidata.org/entity/Q12291748
http://www.wikidata.org/entity/Q770792,t2224530081
http://www.wikidata.org/entity/Q3655740,http://www.wikidata.org/entity/Q12276089
http://www.wikidata.org/entity/Q3655774,t312487452
http://www.wikidata.org/entity/Q3655836,http://www.wikidata.org/entity/Q100701237
http://www.wikidata.org/entity/Q3655959,http://www.wikidata.org/entity/Q96200806
http://www.wikidata.org/entity/Q3656115,http://www.wikidata.org/entity/Q2577717
http://www.wikidata.org/entity/Q3656115,http://www.wikidata.org/entity/Q6658867
http://www.wikidata.org/entity/Q3656275,t2244527799
http://www.wikidata.org/entity/Q3656280,t312750303
http://www.wikidata.org/entity/Q3656282,t866021683
http://www.wikidata.org/entity/Q3656285,t1681364449
http://www.wikidata.org/entity/Q3656292,t1410793066
http://www.wikidata.org/entity/Q3656292,t1410793101
http://www.wikidata.org/entity/Q3656292,t1410793115
http://www.wikidata.org/entity/Q3656324,t1950229487
http://www.wikidata.org/entity/Q3656496,t2244270224
http://www.wikidata.org/entity/Q297183,http://www.wikidata.org/entity/Q1642952
http://www.wikidata.org/entity/Q297783,t2256264872
http://www.wikidata.org/entity/Q297783,t2256264873
http://www.wikidata.org/entity/Q297783,t2256264875
http://www.wikidata.org/entity/Q297783,t2256264880
http://www.wikidata.org/entity/Q297783,t2256264881
http://www.wikidata.org/entity/Q298162,http://www.wikidata.org/entity/Q234665
http://www.wikidata.org/entity/Q298168,http://www.wikidata.org/entity/Q12289911
http://www.wikidata.org/entity/Q302936,http://www.wikidata.org/entity/Q2057293
http://www.wikidata.org/entity/Q304970,t2256429991
http://www.wikidata.org/entity/Q309637,t2255316383
http://www.wikidata.org/entity/Q311265,t571642658
http://www.wikidata.org/entity/Q311646,http://www.wikidata.org/entity/Q63970512
http://www.wikidata.org/entity/Q311733,http://www.wikidata.org/entity/Q2292963
http://www.wikidata.org/entity/Q311879,http://www.wikidata.org/entity/Q441955
http://www.wikidata.org/entity/Q312306,t2225090381
http://www.wikidata.org/entity/Q313066,http://www.wikidata.org/entity/Q12282692
http://www.wikidata.org/entity/Q313398,http://www.wikidata.org/entity/Q4882584
http://www.wikidata.org/entity/Q313500,t2256410323
http://www.wikidata.org/entity/Q313664,http://www.wikidata.org/entity/Q233077
http://www.wikidata.org/entity/Q313680,http://www.wikidata.org/entity/Q12284966
http://www.wikidata.org/entity/Q313737,http://www.wikidata.org/entity/Q234665
http://www.wikidata.org/entity/Q314710,http://www.wikidata.org/entity/Q232725
http://www.wikidata.org/entity/Q315274,t2255330472
http://www.wikidata.org/entity/Q315456,http://www.wikidata.org/entity/Q11002436
http://www.wikidata.org/entity/Q315492,http://www.wikidata.org/entity/Q2259
http://www.wikidata.org/entity/Q316054,http://www.wikidata.org/entity/Q11942281
http://www.wikidata.org/entity/Q316475,t2255320252
http://www.wikidata.org/entity/Q316475,t2255320253
http://www.wikidata.org/entity/Q316775,http://www.wikidata.org/entity/Q255448
http://www.wikidata.org/entity/Q316825,http://www.wikidata.org/entity/Q10996733
http://www.wikidata.org/entity/Q316915,http://www.wikidata.org/entity/Q255778
http://www.wikidata.org/entity/Q316915,http://www.wikidata.org/entity/Q5309410
http://www.wikidata.org/entity/Q318718,http://www.wikidata.org/entity/Q1893524
http://www.wikidata.org/entity/Q318726,t2256411405
http://www.wikidata.org/entity/Q318879,t2256285938
http://www.wikidata.org/entity/Q319252,http://www.wikidata.org/entity/Q464452
http://www.wikidata.org/entity/Q319273,http://www.wikidata.org/entity/Q106225611
http://www.wikidata.org/entity/Q319561,t2255329243
http://www.wikidata.org/entity/Q320902,http://www.wikidata.org/entity/Q270591
http://www.wikidata.org/entity/Q320902,http://www.wikidata.org/entity/Q12285131
http://www.wikidata.org/entity/Q324602,t2256306848
http://www.wikidata.org/entity/Q324608,t2256319846
http://www.wikidata.org/entity/Q329274,t2256455343
http://www.wikidata.org/entity/Q329572,http://www.wikidata.org/entity/Q3122988
http://www.wikidata.org/entity/Q332842,t293236688
http://www.wikidata.org/entity/Q333064,http://www.wikidata.org/entity/Q2055853
http://www.wikidata.org/entity/Q333799,http://www.wikidata.org/entity/Q298831
http://www.wikidata.org/entity/Q334907,t2256541593
http://www.wikidata.org/entity/Q334915,t2256512984
http://www.wikidata.org/entity/Q336538,t2256546961
http://www.wikidata.org/entity/Q336538,t2256546963
http://www.wikidata.org/entity/Q341435,t847323423
http://www.wikidata.org/entity/Q342512,http://www.wikidata.org/entity/Q469701
http://www.wikidata.org/entity/Q343191,http://www.wikidata.org/entity/Q91351356
http://www.wikidata.org/entity/Q343780,http://www.wikidata.org/entity/Q5057381
http://www.wikidata.org/entity/Q343795,http://www.wikidata.org/entity/Q11919227
http://www.wikidata.org/entity/Q344282,http://www.wikidata.org/entity/Q3769302
http://www.wikidata.org/entity/Q344410,t2256526130
http://www.wikidata.org/entity/Q344826,t2217557436
http://www.wikidata.org/entity/Q347310,http://www.wikidata.org/entity/Q436302
http://www.wikidata.org/entity/Q348518,http://www.wikidata.org/entity/Q4383240
http://www.wikidata.org/entity/Q348583,http://www.wikidata.org/entity/Q189705
http://www.wikidata.org/entity/Q348926,http://www.wikidata.org/entity/Q260156
http://www.wikidata.org/entity/Q349222,t2256475655
http://www.wikidata.org/entity/Q351491,http://www.wikidata.org/entity/Q268892
http://www.wikidata.org/entity/Q351495,http://www.wikidata.org/entity/Q233704
http://www.wikidata.org/entity/Q351503,http://www.wikidata.org/entity/Q154732
http://www.wikidata.org/entity/Q351771,http://www.wikidata.org/entity/Q25478264
http://www.wikidata.org/entity/Q352035,http://www.wikidata.org/entity/Q7455880
http://www.wikidata.org/entity/Q352489,http://www.wikidata.org/entity/Q469050
http://www.wikidata.org/entity/Q352506,http://www.wikidata.org/entity/Q464452
http://www.wikidata.org/entity/Q353188,http://www.wikidata.org/entity/Q229432
http://www.wikidata.org/entity/Q355544,t2256532960
http://www.wikidata.org/entity/Q355720,http://www.wikidata.org/entity/Q12292735
http://www.wikidata.org/entity/Q355768,t2256548687
http://www.wikidata.org/entity/Q355768,t2256548688
http://www.wikidata.org/entity/Q355768,t2256548689
http://www.wikidata.org/entity/Q355768,t2256548692
http://www.wikidata.org/entity/Q355768,t2256548694
http://www.wikidata.org/entity/Q355768,t2256548697
http://www.wikidata.org/entity/Q355768,t2256548701
http://www.wikidata.org/entity/Q355778,http://www.wikidata.org/entity/Q162456
http://www.wikidata.org/entity/Q357148,t293236657
http://www.wikidata.org/entity/Q357148,t293236671
http://www.wikidata.org/entity/Q357585,http://www.wikidata.org/entity/Q6485329
http://www.wikidata.org/entity/Q357585,http://www.wikidata.org/entity/Q100701245
http://www.wikidata.org/entity/Q359810,t2256713912
http://www.wikidata.org/entity/Q359810,t2256713913
http://www.wikidata.org/entity/Q359810,t2256713916
http://www.wikidata.org/entity/Q360920,http://www.wikidata.org/entity/Q9253607
http://www.wikidata.org/entity/Q361377,t2256584753
http://www.wikidata.org/entity/Q363084,http://www.wikidata.org/entity/Q231696
http://www.wikidata.org/entity/Q363084,http://www.wikidata.org/entity/Q25921935
http://www.wikidata.org/entity/Q365148,http://www.wikidata.org/entity/Q6454823
http://www.wikidata.org/entity/Q365840,http://www.wikidata.org/entity/Q100783236
http://www.wikidata.org/entity/Q366203,http://www.wikidata.org/entity/Q6485329
http://www.wikidata.org/entity/Q367828,http://www.wikidata.org/entity/Q229483
http://www.wikidata.org/entity/Q368219,http://www.wikidata.org/entity/Q12298896
http://www.wikidata.org/entity/Q369710,t2256640488
http://www.wikidata.org/entity/Q1239611,http://www.wikidata.org/entity/Q4769172
http://www.wikidata.org/entity/Q1239739,t579550873
http://www.wikidata.org/entity/Q1239872,http://www.wikidata.org/entity/Q441706
http://www.wikidata.org/entity/Q1241380,http://www.wikidata.org/entity/Q1025358
http://www.wikidata.org/entity/Q1241380,http://www.wikidata.org/entity/Q12284967
http://www.wikidata.org/entity/Q1241384,http://www.wikidata.org/entity/Q544348
http://www.wikidata.org/entity/Q1241388,t854547525
http://www.wikidata.org/entity/Q1241419,t13146363
http://www.wikidata.org/entity/Q1241495,http://www.wikidata.org/entity/Q6485340
http://www.wikidata.org/entity/Q1241839,http://www.wikidata.org/entity/Q105394650
http://www.wikidata.org/entity/Q1242010,http://www.wikidata.org/entity/Q7375935
http://www.wikidata.org/entity/Q1242043,http://www.wikidata.org/entity/Q545003
http://www.wikidata.org/entity/Q1242076,t2217881845
http://www.wikidata.org/entity/Q1243140,t854547510
http://www.wikidata.org/entity/Q1243140,t854547627
http://www.wikidata.org/entity/Q1243849,t2245331393
http://www.wikidata.org/entity/Q1246807,http://www.wikidata.org/entity/Q268964
http://www.wikidata.org/entity/Q1247301,http://www.wikidata.org/entity/Q237629
http://www.wikidata.org/entity/Q1247322,t1670024281
http://www.wikidata.org/entity/Q1247347,http://www.wikidata.org/entity/Q433381
http://www.wikidata.org/entity/Q1254823,t2224758289
http://www.wikidata.org/entity/Q1266814,t1399800735
http://www.wikidata.org/entity/Q1269233,http://www.wikidata.org/entity/Q233444
http://www.wikidata.org/entity/Q1270114,t2241418142
http://www.wikidata.org/entity/Q1274572,t854822928
http://www.wikidata.org/entity/Q1274785,t854822886
http://www.wikidata.org/entity/Q1275151,t1128180520
http://www.wikidata.org/entity/Q1275409,t2217648557
http://www.wikidata.org/entity/Q1275480,t579550823
http://www.wikidata.org/entity/Q1275669,t13441429
http://www.wikidata.org/entity/Q1275675,t579550887
http://www.wikidata.org/entity/Q1275684,t854822925
http://www.wikidata.org/entity/Q1275684,t854822971
http://www.wikidata.org/entity/Q1275693,t300946771
http://www.wikidata.org/entity/Q1275931,t300946780
http://www.wikidata.org/entity/Q1275931,t300946797
http://www.wikidata.org/entity/Q1276367,t854822903
http://www.wikidata.org/entity/Q1276902,t1670289105
http://www.wikidata.org/entity/Q1277391,t1399800785
http://www.wikidata.org/entity/Q1283514,t1399800742
http://www.wikidata.org/entity/Q1283518,t579827239
http://www.wikidata.org/entity/Q1283535,t13441503
http://www.wikidata.org/entity/Q1283535,t13441508
http://www.wikidata.org/entity/Q1283539,t854822913
http://www.wikidata.org/entity/Q1283545,http://www.wikidata.org/entity/Q54553319
http://www.wikidata.org/entity/Q1283550,t300946766
http://www.wikidata.org/entity/Q1283576,t300946790
http://www.wikidata.org/entity/Q1283595,t2239902958
http://www.wikidata.org/entity/Q1283935,t2244447490
http://www.wikidata.org/entity/Q1284884,t1128180515
http://www.wikidata.org/entity/Q1284890,t1939358222
http://www.wikidata.org/entity/Q1284890,t1939358245
http://www.wikidata.org/entity/Q1284899,t13441515
http://www.wikidata.org/entity/Q1289292,t854822864
http://www.wikidata.org/entity/Q1289333,t579827258
http://www.wikidata.org/entity/Q1289336,t300946777
http://www.wikidata.org/entity/Q1289385,t1939358233
http://www.wikidata.org/entity/Q1292169,http://www.wikidata.org/entity/Q1815905
http://www.wikidata.org/entity/Q1306266,t13739461
http://www.wikidata.org/entity/Q1338377,http://www.wikidata.org/entity/Q255410
http://www.wikidata.org/entity/Q1338451,t13739464
http://www.wikidata.org/entity/Q1338903,http://www.wikidata.org/entity/Q12272207
http://www.wikidata.org/entity/Q1339771,http://www.wikidata.org/entity/Q432100
http://www.wikidata.org/entity/Q1345437,t301238628
http://www.wikidata.org/entity/Q1358824,http://www.wikidata.org/entity/Q232229
http://www.wikidata.org/entity/Q1365457,http://www.wikidata.org/entity/Q268964
http://www.wikidata.org/entity/Q1371755,t301526430
http://www.wikidata.org/entity/Q1371755,t301526432
http://www.wikidata.org/entity/Q1372249,http://www.wikidata.org/entity/Q64086880
http://www.wikidata.org/entity/Q1372970,http://www.wikidata.org/entity/Q432100
http://www.wikidata.org/entity/Q1379447,t14341386
http://www.wikidata.org/entity/Q1385205,http://www.wikidata.org/entity/Q98278028
http://www.wikidata.org/entity/Q1385959,t855667140
http://www.wikidata.org/entity/Q1390986,http://www.wikidata.org/entity/Q3066428
http://www.wikidata.org/entity/Q1399121,t2247023159
http://www.wikidata.org/entity/Q1401126,t580397445
http://www.wikidata.org/entity/Q1406693,t2240753537
http://www.wikidata.org/entity/Q1439387,t14643463
http://www.wikidata.org/entity/Q1439413,http://www.wikidata.org/entity/Q30939227
http://www.wikidata.org/entity/Q1491405,t2221964681
http://www.wikidata.org/entity/Q1491467,http://www.wikidata.org/entity/Q6306627
http://www.wikidata.org/entity/Q1491473,t2240460187
http://www.wikidata.org/entity/Q1491488,t2239301974
http://www.wikidata.org/entity/Q1491511,t1401077749
http://www.wikidata.org/entity/Q1491515,t1401077737
http://www.wikidata.org/entity/Q1491524,t2241275827
http://www.wikidata.org/entity/Q1491524,t2241275831
http://www.wikidata.org/entity/Q1500810,http://www.wikidata.org/entity/Q542643
http://www.wikidata.org/entity/Q1528929,t2234356761
http://www.wikidata.org/entity/Q1528929,t2234356767
http://www.wikidata.org/entity/Q1533112,t2247803382
http://www.wikidata.org/entity/Q1533130,http://www.wikidata.org/entity/Q3656043
http://www.wikidata.org/entity/Q1533142,t15226259
http://www.wikidata.org/entity/Q1533143,t1401350749
http://www.wikidata.org/entity/Q857028,t1936463452
http://www.wikidata.org/entity/Q857036,http://www.wikidata.org/entity/Q11929531
http://www.wikidata.org/entity/Q868058,t10208801
http://www.wikidata.org/entity/Q868058,t10208841
http://www.wikidata.org/entity/Q868070,t1125381038
http://www.wikidata.org/entity/Q868070,t1125381072
http://www.wikidata.org/entity/Q868070,t1125381101
http://www.wikidata.org/entity/Q878550,http://www.wikidata.org/entity/Q241036
http://www.wikidata.org/entity/Q882953,http://www.wikidata.org/entity/Q12275099
http://www.wikidata.org/entity/Q888538,http://www.wikidata.org/entity/Q2542817
http://www.wikidata.org/entity/Q888672,http://www.wikidata.org/entity/Q3623564
http://www.wikidata.org/entity/Q919223,t298398548
http://www.wikidata.org/entity/Q921025,t1125658065
http://www.wikidata.org/entity/Q921720,t1936991737
http://www.wikidata.org/entity/Q929498,t1667913497
http://www.wikidata.org/entity/Q929498,t1667913550
http://www.wikidata.org/entity/Q929593,t1667913541
http://www.wikidata.org/entity/Q930850,t298398609
http://www.wikidata.org/entity/Q934699,t577219351
http://www.wikidata.org/entity/Q934699,t577219398
http://www.wikidata.org/entity/Q935315,t1397405154
http://www.wikidata.org/entity/Q935447,http://www.wikidata.org/entity/Q925470
http://www.wikidata.org/entity/Q935520,t298398554
http://www.wikidata.org/entity/Q935566,http://www.wikidata.org/entity/Q56259970
http://www.wikidata.org/entity/Q937798,t1397405202
http://www.wikidata.org/entity/Q938426,t577219407
http://www.wikidata.org/entity/Q939045,t1125925080
http://www.wikidata.org/entity/Q939045,t1125925112
http://www.wikidata.org/entity/Q939456,t1667913517
http://www.wikidata.org/entity/Q939993,t2245331392
http://www.wikidata.org/entity/Q940860,http://www.wikidata.org/entity/Q102875532
http://www.wikidata.org/entity/Q943175,t1397667547
http://www.wikidata.org/entity/Q943702,t2241253341
http://www.wikidata.org/entity/Q947119,t1937250868
http://www.wikidata.org/entity/Q947137,t1125925067
http://www.wikidata.org/entity/Q947179,t852529404
http://www.wikidata.org/entity/Q947607,t1125925029
http://www.wikidata.org/entity/Q947726,http://www.wikidata.org/entity/Q242466
http://www.wikidata.org/entity/Q950770,http://www.wikidata.org/entity/Q98242517
http://www.wikidata.org/entity/Q953614,t1668177326
http://www.wikidata.org/entity/Q955339,http://www.wikidata.org/entity/Q12284766
http://www.wikidata.org/entity/Q955356,t11088925
http://www.wikidata.org/entity/Q957079,t577489871
http://www.wikidata.org/entity/Q958613,http://www.wikidata.org/entity/Q5687629
http://www.wikidata.org/entity/Q958946,t298675592
http://www.wikidata.org/entity/Q965435,t1126190847
http://www.wikidata.org/entity/Q972109,t2252880041
http://www.wikidata.org/entity/Q974502,t298675610
http://www.wikidata.org/entity/Q975597,http://www.wikidata.org/entity/Q12152218
http://www.wikidata.org/entity/Q976126,t852800518
http://www.wikidata.org/entity/Q976168,t2247027003
http://www.wikidata.org/entity/Q982066,http://www.wikidata.org/entity/Q371670
http://www.wikidata.org/entity/Q983260,t1126190811
http://www.wikidata.org/entity/Q983260,t1126190898
http://www.wikidata.org/entity/Q983266,http://www.wikidata.org/entity/Q54552575
http://www.wikidata.org/entity/Q983282,t577771195
http://www.wikidata.org/entity/Q983290,t11383984
http://www.wikidata.org/entity/Q1032278,http://www.wikidata.org/entity/Q38821513
http://www.wikidata.org/entity/Q1032689,http://www.wikidata.org/entity/Q12272307
http://www.wikidata.org/entity/Q1033173,http://www.wikidata.org/entity/Q448568
http://www.wikidata.org/entity/Q1051213,t299241756
http://www.wikidata.org/entity/Q1051213,t299241773
http://www.wikidata.org/entity/Q1088287,http://www.wikidata.org/entity/Q91343480
http://www.wikidata.org/entity/Q1091296,t578443355
http://www.wikidata.org/entity/Q1112719,http://www.wikidata.org/entity/Q12282872
http://www.wikidata.org/entity/Q1115070,http://www.wikidata.org/entity/Q291738
http://www.wikidata.org/entity/Q1133924,http://www.wikidata.org/entity/Q453551
http://www.wikidata.org/entity/Q1147586,http://www.wikidata.org/entity/Q570034
http://www.wikidata.org/entity/Q1159574,http://www.wikidata.org/entity/Q239010
http://www.wikidata.org/entity/Q1159576,t300105761
http://www.wikidata.org/entity/Q1159617,http://www.wikidata.org/entity/Q61707798
http://www.wikidata.org/entity/Q1159621,t300105788
http://www.wikidata.org/entity/Q1164987,http://www.wikidata.org/entity/Q93117204
http://www.wikidata.org/entity/Q1165004,t2241272115
http://www.wikidata.org/entity/Q1181848,http://www.wikidata.org/entity/Q432130
http://www.wikidata.org/entity/Q1181848,http://www.wikidata.org/entity/Q91615986
http://www.wikidata.org/entity/Q1181865,t1399274710
http://www.wikidata.org/entity/Q1181866,http://www.wikidata.org/entity/Q4266052
http://www.wikidata.org/entity/Q1215136,t300665775
http://www.wikidata.org/entity/Q1215339,t1127812945
http://www.wikidata.org/entity/Q1215380,t854547442
http://www.wikidata.org/entity/Q1215407,t579269790
http://www.wikidata.org/entity/Q1215407,t579269827
http://www.wikidata.org/entity/Q1215443,http://www.wikidata.org/entity/Q16097807
http://www.wikidata.org/entity/Q1215443,http://www.wikidata.org/entity/Q98065247
http://www.wikidata.org/entity/Q1215757,t1399534273
http://www.wikidata.org/entity/Q1219173,t13146605
http://www.wikidata.org/entity/Q1219393,t1127812926
http://www.wikidata.org/entity/Q1219658,http://www.wikidata.org/entity/Q12283716
http://www.wikidata.org/entity/Q1223506,t13146596
http://www.wikidata.org/entity/Q1223522,t579269685
http://www.wikidata.org/entity/Q1223553,t300665825
http://www.wikidata.org/entity/Q1225048,http://www.wikidata.org/entity/Q7227501
http://www.wikidata.org/entity/Q1225143,t1399534246
http://www.wikidata.org/entity/Q1225268,t1670024308
http://www.wikidata.org/entity/Q1225279,t579269737
http://www.wikidata.org/entity/Q1225327,t1670024236
http://www.wikidata.org/entity/Q1225430,t2225383742
http://www.wikidata.org/entity/Q1225441,t13146530
http://www.wikidata.org/entity/Q1225680,t2217976721
http://www.wikidata.org/entity/Q1225685,t2246525212
http://www.wikidata.org/entity/Q1226275,t13146573
http://www.wikidata.org/entity/Q1226466,t1128082762
http://www.wikidata.org/entity/Q1226466,t1128082780
http://www.wikidata.org/entity/Q1226466,t1128082795
http://www.wikidata.org/entity/Q1227252,http://www.wikidata.org/entity/Q259576
http://www.wikidata.org/entity/Q1227277,http://www.wikidata.org/entity/Q98278046
http://www.wikidata.org/entity/Q1227324,http://www.wikidata.org/entity/Q266030
http://www.wikidata.org/entity/Q1227338,http://www.wikidata.org/entity/Q241466
http://www.wikidata.org/entity/Q1229431,http://www.wikidata.org/entity/Q5014906
http://www.wikidata.org/entity/Q1229537,t1670024339
http://www.wikidata.org/entity/Q1229591,http://www.wikidata.org/entity/Q5057380
http://www.wikidata.org/entity/Q1229717,t1939098529
http://www.wikidata.org/entity/Q1229771,t300665843
http://www.wikidata.org/entity/Q1230217,t2221892170
http://www.wikidata.org/entity/Q1230271,t2222974427
http://www.wikidata.org/entity/Q1230820,t1399534130
http://www.wikidata.org/entity/Q1230832,http://www.wikidata.org/entity/Q12272328
http://www.wikidata.org/entity/Q1230841,t2222972476
http://www.wikidata.org/entity/Q1230967,t300665770
http://www.wikidata.org/entity/Q1231761,t1939098461
http://www.wikidata.org/entity/Q1231937,t2241288483
http://www.wikidata.org/entity/Q1232026,http://www.wikidata.org/entity/Q12284680
http://www.wikidata.org/entity/Q1232435,http://www.wikidata.org/entity/Q8265475
http://www.wikidata.org/entity/Q1232755,http://www.wikidata.org/entity/Q231258
http://www.wikidata.org/entity/Q1232881,t579269845
http://www.wikidata.org/entity/Q1232914,t1399534211
http://www.wikidata.org/entity/Q1232914,t1399534294
http://www.wikidata.org/entity/Q1232925,http://www.wikidata.org/entity/Q11919227
http://www.wikidata.org/entity/Q1232953,t854547681
http://www.wikidata.org/entity/Q1232970,http://www.wikidata.org/entity/Q12283496
http://www.wikidata.org/entity/Q1233612,http://www.wikidata.org/entity/Q12282306
http://www.wikidata.org/entity/Q1233627,http://www.wikidata.org/entity/Q774986
http://www.wikidata.org/entity/Q1234317,t579269850
http://www.wikidata.org/entity/Q1234468,http://www.wikidata.org/entity/Q12293610
http://www.wikidata.org/entity/Q1234508,http://www.wikidata.org/entity/Q3722901
http://www.wikidata.org/entity/Q1235522,http://www.wikidata.org/entity/Q453044
http://www.wikidata.org/entity/Q1235522,http://www.wikidata.org/entity/Q742885
http://www.wikidata.org/entity/Q1235703,t2222738061
http://www.wikidata.org/entity/Q1235715,t13146578
http://www.wikidata.org/entity/Q1235979,t2222972481
http://www.wikidata.org/entity/Q1236548,t1128082811
http://www.wikidata.org/entity/Q1236600,t579269885
http://www.wikidata.org/entity/Q1236655,http://www.wikidata.org/entity/Q12297788
http://www.wikidata.org/entity/Q1236683,http://www.wikidata.org/entity/Q7934092
http://www.wikidata.org/entity/Q1237063,http://www.wikidata.org/entity/Q104627932
http://www.wikidata.org/entity/Q1237483,http://www.wikidata.org/entity/Q12272324
http://www.wikidata.org/entity/Q1237511,http://www.wikidata.org/entity/Q262368
http://www.wikidata.org/entity/Q1237544,http://www.wikidata.org/entity/Q105478514
http://www.wikidata.org/entity/Q1237951,t579550851
http://www.wikidata.org/entity/Q1238405,t1128082835
http://www.wikidata.org/entity/Q1239057,t1128082713
http://www.wikidata.org/entity/Q370363,http://www.wikidata.org/entity/Q266030
http://www.wikidata.org/entity/Q374579,t2256742514
http://www.wikidata.org/entity/Q374630,t2256592446
http://www.wikidata.org/entity/Q374630,t2256592451
http://www.wikidata.org/entity/Q374822,http://www.wikidata.org/entity/Q1869249
http://www.wikidata.org/entity/Q375849,http://www.wikidata.org/entity/Q2530944
http://www.wikidata.org/entity/Q375849,http://www.wikidata.org/entity/Q8265475
http://www.wikidata.org/entity/Q375849,http://www.wikidata.org/entity/Q54555122
http://www.wikidata.org/entity/Q377356,http://www.wikidata.org/entity/Q241036
http://www.wikidata.org/entity/Q378683,http://www.wikidata.org/entity/Q100814917
http://www.wikidata.org/entity/Q382007,t2256569842
http://www.wikidata.org/entity/Q382007,t2256569845
http://www.wikidata.org/entity/Q382007,t2256569847
http://www.wikidata.org/entity/Q382276,t2256628498
http://www.wikidata.org/entity/Q382280,http://www.wikidata.org/entity/Q270384
http://www.wikidata.org/entity/Q382964,t2256643358
http://www.wikidata.org/entity/Q383846,t2256570200
http://www.wikidata.org/entity/Q387928,t2256582358
http://www.wikidata.org/entity/Q392647,t2256870551
http://www.wikidata.org/entity/Q396971,t2256778202
http://www.wikidata.org/entity/Q430264,t2256864323
http://www.wikidata.org/entity/Q431201,t2256780455
http://www.wikidata.org/entity/Q431311,t2256867445
http://www.wikidata.org/entity/Q431311,t2256867447
http://www.wikidata.org/entity/Q431311,t2256867453
http://www.wikidata.org/entity/Q432244,t2256723664
http://www.wikidata.org/entity/Q432244,t2256723670
http://www.wikidata.org/entity/Q432244,t2256723671
http://www.wikidata.org/entity/Q432416,http://www.wikidata.org/entity/Q30055825
http://www.wikidata.org/entity/Q433463,http://www.wikidata.org/entity/Q99671041
http://www.wikidata.org/entity/Q435163,http://www.wikidata.org/entity/Q11942503
http://www.wikidata.org/entity/Q435167,t2256721241
http://www.wikidata.org/entity/Q435213,t572985519
http://www.wikidata.org/entity/Q435329,http://www.wikidata.org/entity/Q3655875
http://www.wikidata.org/entity/Q435352,t2256781783
http://www.wikidata.org/entity/Q435404,t2256760590
http://www.wikidata.org/entity/Q435404,t2256760594
http://www.wikidata.org/entity/Q441474,t2237999671
http://www.wikidata.org/entity/Q441590,http://www.wikidata.org/entity/Q291952
http://www.wikidata.org/entity/Q442449,http://www.wikidata.org/entity/Q100782783
http://www.wikidata.org/entity/Q443505,http://www.wikidata.org/entity/Q234533
http://www.wikidata.org/entity/Q445752,t6300920
http://www.wikidata.org/entity/Q445752,t6300958
http://www.wikidata.org/entity/Q445758,t2256854192
http://www.wikidata.org/entity/Q445777,t2256781913
http://www.wikidata.org/entity/Q445777,t2256781916
http://www.wikidata.org/entity/Q445785,http://www.wikidata.org/entity/Q583523
http://www.wikidata.org/entity/Q446819,t2257058141
http://www.wikidata.org/entity/Q450702,http://www.wikidata.org/entity/Q260258
http://www.wikidata.org/entity/Q450702,http://www.wikidata.org/entity/Q653221
http://www.wikidata.org/entity/Q450708,http://www.wikidata.org/entity/Q232090
http://www.wikidata.org/entity/Q451265,t2256940741
http://www.wikidata.org/entity/Q451516,http://www.wikidata.org/entity/Q233077
http://www.wikidata.org/entity/Q451597,http://www.wikidata.org/entity/Q256316
http://www.wikidata.org/entity/Q451597,http://www.wikidata.org/entity/Q12297449
http://www.wikidata.org/entity/Q453853,t2256986713
http://www.wikidata.org/entity/Q453860,t2256947988
http://www.wikidata.org/entity/Q453874,t2256958883
http://www.wikidata.org/entity/Q453899,t2257020791
http://www.wikidata.org/entity/Q453947,t2256945822
http://www.wikidata.org/entity/Q454549,t2256928921
http://www.wikidata.org/entity/Q455034,http://www.wikidata.org/entity/Q4828789
http://www.wikidata.org/entity/Q456950,t2256981314
http://www.wikidata.org/entity/Q11934044,t1700670566
http://www.wikidata.org/entity/Q11934081,http://www.wikidata.org/entity/Q3656046
http://www.wikidata.org/entity/Q11934171,http://www.wikidata.org/entity/Q98065247
http://www.wikidata.org/entity/Q11943247,t1700670721
http://www.wikidata.org/entity/Q11944253,t1969495002
http://www.wikidata.org/entity/Q11944253,t1969495176
http://www.wikidata.org/entity/Q11944258,t1159173930
http://www.wikidata.org/entity/Q11944259,t611255041
http://www.wikidata.org/entity/Q11944264,t1430353664
http://www.wikidata.org/entity/Q11951954,t332985661
http://www.wikidata.org/entity/Q11954878,http://www.wikidata.org/entity/Q91361630
http://www.wikidata.org/entity/Q12118996,t1159551889
http://www.wikidata.org/entity/Q12118997,t611671011
http://www.wikidata.org/entity/Q12119007,t1701076714
http://www.wikidata.org/entity/Q12276060,http://www.wikidata.org/entity/Q11955053
http://www.wikidata.org/entity/Q12277943,t2239812968
http://www.wikidata.org/entity/Q12282800,http://www.wikidata.org/entity/Q98277986
http://www.wikidata.org/entity/Q12282864,http://www.wikidata.org/entity/Q3658638
http://www.wikidata.org/entity/Q12285197,t886546387
http://www.wikidata.org/entity/Q12285233,t333619971
http://www.wikidata.org/entity/Q12285233,t333620006
http://www.wikidata.org/entity/Q12285243,http://www.wikidata.org/entity/Q12271293
http://www.wikidata.org/entity/Q12286044,http://www.wikidata.org/entity/Q105244660
http://www.wikidata.org/entity/Q12286050,t1970103505
http://www.wikidata.org/entity/Q12286057,http://www.wikidata.org/entity/Q104627909
http://www.wikidata.org/entity/Q12286061,http://www.wikidata.org/entity/Q654576
http://www.wikidata.org/entity/Q12286097,http://www.wikidata.org/entity/Q12293630
http://www.wikidata.org/entity/Q12286105,http://www.wikidata.org/entity/Q4124150
http://www.wikidata.org/entity/Q12286153,http://www.wikidata.org/entity/Q104641093
http://www.wikidata.org/entity/Q12291696,http://www.wikidata.org/entity/Q104637397
http://www.wikidata.org/entity/Q457347,http://www.wikidata.org/entity/Q11923329
http://www.wikidata.org/entity/Q459836,t2257068455
http://www.wikidata.org/entity/Q459853,t2256937606
http://www.wikidata.org/entity/Q459853,t2256937609
http://www.wikidata.org/entity/Q459857,t2257011528
http://www.wikidata.org/entity/Q459857,t2257011534
http://www.wikidata.org/entity/Q459870,t2256988869
http://www.wikidata.org/entity/Q459870,t2256988878
http://www.wikidata.org/entity/Q459870,t2256988880
http://www.wikidata.org/entity/Q460160,http://www.wikidata.org/entity/Q180807
http://www.wikidata.org/entity/Q461688,http://www.wikidata.org/entity/Q2171665
http://www.wikidata.org/entity/Q461715,t1933273442
http://www.wikidata.org/entity/Q462249,t2254946750
http://www.wikidata.org/entity/Q462978,http://www.wikidata.org/entity/Q518098
http://www.wikidata.org/entity/Q463000,http://www.wikidata.org/entity/Q99844311
http://www.wikidata.org/entity/Q463034,t1393558471
http://www.wikidata.org/entity/Q463954,http://www.wikidata.org/entity/Q3898864
http://www.wikidata.org/entity/Q464897,t2257066240
http://www.wikidata.org/entity/Q465074,http://www.wikidata.org/entity/Q89579302
http://www.wikidata.org/entity/Q465212,http://www.wikidata.org/entity/Q2982944
http://www.wikidata.org/entity/Q465262,t2257214392
http://www.wikidata.org/entity/Q465262,t2257214395
http://www.wikidata.org/entity/Q465309,t2257217035
http://www.wikidata.org/entity/Q465309,t2257217041
http://www.wikidata.org/entity/Q468932,http://www.wikidata.org/entity/Q3655947
http://www.wikidata.org/entity/Q469118,http://www.wikidata.org/entity/Q241982
http://www.wikidata.org/entity/Q469118,http://www.wikidata.org/entity/Q16170851
http://www.wikidata.org/entity/Q472433,t2257111592
http://www.wikidata.org/entity/Q483783,http://www.wikidata.org/entity/Q432141
http://www.wikidata.org/entity/Q483783,http://www.wikidata.org/entity/Q6306323
http://www.wikidata.org/entity/Q483783,http://www.wikidata.org/entity/Q6454823
http://www.wikidata.org/entity/Q483783,http://www.wikidata.org/entity/Q15712137
http://www.wikidata.org/entity/Q483783,http://www.wikidata.org/entity/Q98690973
http://www.wikidata.org/entity/Q503187,t2227427151
http://www.wikidata.org/entity/Q503320,http://www.wikidata.org/entity/Q5171151
http://www.wikidata.org/entity/Q504145,t573550828
http://www.wikidata.org/entity/Q504782,t294622623
http://www.wikidata.org/entity/Q505341,http://www.wikidata.org/entity/Q1102155
http://www.wikidata.org/entity/Q508117,http://www.wikidata.org/entity/Q95444609
http://www.wikidata.org/entity/Q508134,t2257263178
http://www.wikidata.org/entity/Q508134,t2257263183
http://www.wikidata.org/entity/Q509399,t2257253210
http://www.wikidata.org/entity/Q509817,t1664454549
http://www.wikidata.org/entity/Q510243,http://www.wikidata.org/entity/Q4066696
http://www.wikidata.org/entity/Q512493,t1394098309
http://www.wikidata.org/entity/Q512908,t2257251104
http://www.wikidata.org/entity/Q515204,t2240458153
http://www.wikidata.org/entity/Q518928,http://www.wikidata.org/entity/Q232229
http://www.wikidata.org/entity/Q521435,t2257267508
http://www.wikidata.org/entity/Q521446,http://www.wikidata.org/entity/Q234825
http://www.wikidata.org/entity/Q521446,http://www.wikidata.org/entity/Q3618991
http://www.wikidata.org/entity/Q521460,http://www.wikidata.org/entity/Q12299554
http://www.wikidata.org/entity/Q521485,t2241215356
http://www.wikidata.org/entity/Q521498,t1933802379
http://www.wikidata.org/entity/Q521498,t1933802422
http://www.wikidata.org/entity/Q521507,t848923178
http://www.wikidata.org/entity/Q521507,t848923189
http://www.wikidata.org/entity/Q521507,t848923205
http://www.wikidata.org/entity/Q521670,t1122625957
http://www.wikidata.org/entity/Q525629,http://www.wikidata.org/entity/Q544421
http://www.wikidata.org/entity/Q526243,t2241275668
http://www.wikidata.org/entity/Q526243,t2241275673
http://www.wikidata.org/entity/Q529163,t1664714631
http://www.wikidata.org/entity/Q529884,t294903471
http://www.wikidata.org/entity/Q531357,t1394098312
http://www.wikidata.org/entity/Q531923,http://www.wikidata.org/entity/Q6454825
http://www.wikidata.org/entity/Q535512,http://www.wikidata.org/entity/Q545141
http://www.wikidata.org/entity/Q537126,http://www.wikidata.org/entity/Q56305768
http://www.wikidata.org/entity/Q537235,http://www.wikidata.org/entity/Q12272308
http://www.wikidata.org/entity/Q538539,t849193934
http://www.wikidata.org/entity/Q538825,t1122625896
http://www.wikidata.org/entity/Q540465,t1122625870
http://www.wikidata.org/entity/Q540465,t1122625965
http://www.wikidata.org/entity/Q541532,t1664714637
http://www.wikidata.org/entity/Q541861,http://www.wikidata.org/entity/Q1147581
http://www.wikidata.org/entity/Q542038,http://www.wikidata.org/entity/Q273616
http://www.wikidata.org/entity/Q542712,t1122625903
http://www.wikidata.org/entity/Q542883,t574104238
http://www.wikidata.org/entity/Q544477,http://www.wikidata.org/entity/Q3656003
http://www.wikidata.org/entity/Q3754788,http://www.wikidata.org/entity/Q256316
http://www.wikidata.org/entity/Q3838878,t26426691
http://www.wikidata.org/entity/Q3846543,http://www.wikidata.org/entity/Q92432276
http://www.wikidata.org/entity/Q3907222,http://www.wikidata.org/entity/Q56260322
http://www.wikidata.org/entity/Q3922924,http://www.wikidata.org/entity/Q48872359
http://www.wikidata.org/entity/Q3925304,http://www.wikidata.org/entity/Q105761815
http://www.wikidata.org/entity/Q3925304,t26700893
http://www.wikidata.org/entity/Q3925321,t2217993053
http://www.wikidata.org/entity/Q4159575,http://www.wikidata.org/entity/Q1239236
http://www.wikidata.org/entity/Q4245557,t2240529785
http://www.wikidata.org/entity/Q4269988,http://www.wikidata.org/entity/Q7636567
http://www.wikidata.org/entity/Q4270014,http://www.wikidata.org/entity/Q98241323
http://www.wikidata.org/entity/Q4281779,t1413040184
http://www.wikidata.org/entity/Q4281785,t1952302317
http://www.wikidata.org/entity/Q4281785,t1952302366
http://www.wikidata.org/entity/Q4281794,t1952302367
http://www.wikidata.org/entity/Q4281819,t1413040213
http://www.wikidata.org/entity/Q4687704,http://www.wikidata.org/entity/Q7879756
http://www.wikidata.org/entity/Q4821849,http://www.wikidata.org/entity/Q5129255
http://www.wikidata.org/entity/Q5079120,http://www.wikidata.org/entity/Q95442176
http://www.wikidata.org/entity/Q5517418,http://www.wikidata.org/entity/Q99726933
http://www.wikidata.org/entity/Q5517441,http://www.wikidata.org/entity/Q99726753
http://www.wikidata.org/entity/Q5517445,http://www.wikidata.org/entity/Q6595913
http://www.wikidata.org/entity/Q5517469,http://www.wikidata.org/entity/Q6595913
http://www.wikidata.org/entity/Q5517477,http://www.wikidata.org/entity/Q237622
http://www.wikidata.org/entity/Q5759141,t1417648195
http://www.wikidata.org/entity/Q5876471,t873296983
http://www.wikidata.org/entity/Q5876474,t1688302952
http://www.wikidata.org/entity/Q5881568,t873297018
http://www.wikidata.org/entity/Q5881568,t873297029
http://www.wikidata.org/entity/Q6587844,t1690375515
http://www.wikidata.org/entity/Q6697579,http://www.wikidata.org/entity/Q262368
http://www.wikidata.org/entity/Q6697582,http://www.wikidata.org/entity/Q12958329
http://www.wikidata.org/entity/Q6697631,http://www.wikidata.org/entity/Q262368
http://www.wikidata.org/entity/Q6697633,http://www.wikidata.org/entity/Q4813403
http://www.wikidata.org/entity/Q6758221,t2225845883
http://www.wikidata.org/entity/Q6758389,http://www.wikidata.org/entity/Q6306142
http://www.wikidata.org/entity/Q6758405,http://www.wikidata.org/entity/Q12283222
http://www.wikidata.org/entity/Q6766573,http://www.wikidata.org/entity/Q7076785
http://www.wikidata.org/entity/Q7810322,http://www.wikidata.org/entity/Q545141
http://www.wikidata.org/entity/Q7810326,http://www.wikidata.org/entity/Q104790915
http://www.wikidata.org/entity/Q8200285,http://www.wikidata.org/entity/Q59617969
http://www.wikidata.org/entity/Q9024736,t1696130869
http://www.wikidata.org/entity/Q9064243,t41793287
http://www.wikidata.org/entity/Q10325341,http://www.wikidata.org/entity/Q622129
http://www.wikidata.org/entity/Q10325341,http://www.wikidata.org/entity/Q5427629
http://www.wikidata.org/entity/Q10714080,t883538460
http://www.wikidata.org/entity/Q10963713,http://www.wikidata.org/entity/Q12278988
http://www.wikidata.org/entity/Q11007600,t1967775073
http://www.wikidata.org/entity/Q11016974,t44844706
http://www.wikidata.org/entity/Q11017318,t1157260271
http://www.wikidata.org/entity/Q11033514,t331005814
http://www.wikidata.org/entity/Q11033514,t331005839
http://www.wikidata.org/entity/Q1541672,t1129836093
http://www.wikidata.org/entity/Q1542092,http://www.wikidata.org/entity/Q1154373
http://www.wikidata.org/entity/Q1669268,t2239894374
http://www.wikidata.org/entity/Q1669268,t2239894376
http://www.wikidata.org/entity/Q1669268,t2239894379
http://www.wikidata.org/entity/Q1672611,t857302608
http://www.wikidata.org/entity/Q1681770,t1130631119
http://www.wikidata.org/entity/Q1721011,t2222968551
http://www.wikidata.org/entity/Q1751216,t1130897242
http://www.wikidata.org/entity/Q1767765,t304019987
http://www.wikidata.org/entity/Q1793966,t1402906667
http://www.wikidata.org/entity/Q1793966,t1402906700
http://www.wikidata.org/entity/Q1799131,t16974637
http://www.wikidata.org/entity/Q1839914,t858070881
http://www.wikidata.org/entity/Q1872296,t2242579593
http://www.wikidata.org/entity/Q1873622,t1131659808
http://www.wikidata.org/entity/Q1873622,t1131659862
http://www.wikidata.org/entity/Q1894191,t304544448
http://www.wikidata.org/entity/Q1937568,t583561696
http://www.wikidata.org/entity/Q1952825,t2244251086
http://www.wikidata.org/entity/Q2005427,t1674120711
http://www.wikidata.org/entity/Q2005427,t1674120724
http://www.wikidata.org/entity/Q2062146,http://www.wikidata.org/entity/Q466696
http://www.wikidata.org/entity/Q2066659,t2217997706
http://www.wikidata.org/entity/Q2066659,t2217997713
http://www.wikidata.org/entity/Q2123402,t2247022119
http://www.wikidata.org/entity/Q2236673,t2243825606
http://www.wikidata.org/entity/Q2274319,t585262390
http://www.wikidata.org/entity/Q2274319,t585262456
http://www.wikidata.org/entity/Q2275596,http://www.wikidata.org/entity/Q453551
http://www.wikidata.org/entity/Q2280800,http://www.wikidata.org/entity/Q452705
http://www.wikidata.org/entity/Q2321555,http://www.wikidata.org/entity/Q230716
http://www.wikidata.org/entity/Q2331658,t860455115
http://www.wikidata.org/entity/Q2331658,t860455144
http://www.wikidata.org/entity/Q2367936,t19709115
http://www.wikidata.org/entity/Q2367936,t19709152
http://www.wikidata.org/entity/Q2403916,http://www.wikidata.org/entity/Q1413
http://www.wikidata.org/entity/Q2437174,t861009718
http://www.wikidata.org/entity/Q2463039,t2241988164
http://www.wikidata.org/entity/Q2469317,http://www.wikidata.org/entity/Q517380
http://www.wikidata.org/entity/Q2472899,http://www.wikidata.org/entity/Q162456
http://www.wikidata.org/entity/Q2494981,http://www.wikidata.org/entity/Q235090
http://www.wikidata.org/entity/Q2626814,t2222953281
http://www.wikidata.org/entity/Q2655602,http://www.wikidata.org/entity/Q102449495
http://www.wikidata.org/entity/Q2676671,t1135486719
http://www.wikidata.org/entity/Q2711623,http://www.wikidata.org/entity/Q5409733
http://www.wikidata.org/entity/Q2724155,http://www.wikidata.org/entity/Q441774
http://www.wikidata.org/entity/Q2739033,http://www.wikidata.org/entity/Q1402198
http://www.wikidata.org/entity/Q2745841,t862377294
http://www.wikidata.org/entity/Q2864244,http://www.wikidata.org/entity/Q446260
http://www.wikidata.org/entity/Q2866901,http://www.wikidata.org/entity/Q2720247
http://www.wikidata.org/entity/Q2932469,t1136570235
http://www.wikidata.org/entity/Q3040245,http://www.wikidata.org/entity/Q7039297
http://www.wikidata.org/entity/Q3265868,t864430481
http://www.wikidata.org/entity/Q3265869,t2216775402
http://www.wikidata.org/entity/Q3265887,http://www.wikidata.org/entity/Q12298897
http://www.wikidata.org/entity/Q3265904,t2245499170
http://www.wikidata.org/entity/Q3290241,http://www.wikidata.org/entity/Q466696
http://www.wikidata.org/entity/Q3290274,http://www.wikidata.org/entity/Q3515798
http://www.wikidata.org/entity/Q3293507,t2217692185
http://www.wikidata.org/entity/Q3293507,t2217692201
http://www.wikidata.org/entity/Q3300502,t2216781636
http://www.wikidata.org/entity/Q3305547,http://www.wikidata.org/entity/Q3306296
http://www.wikidata.org/entity/Q3414665,t865233962
http://www.wikidata.org/entity/Q3529664,http://www.wikidata.org/entity/Q5349849
http://www.wikidata.org/entity/Q3621479,t1410793117
http://www.wikidata.org/entity/Q3622586,t312487410
http://www.wikidata.org/entity/Q3622705,t2240667729
http://www.wikidata.org/entity/Q3624250,http://www.wikidata.org/entity/Q13427712
http://www.wikidata.org/entity/Q3624657,t866021742
http://www.wikidata.org/entity/Q3625067,http://www.wikidata.org/entity/Q8265475
http://www.wikidata.org/entity/Q3625112,t1950229425
http://www.wikidata.org/entity/Q3631240,http://www.wikidata.org/entity/Q89581370
http://www.wikidata.org/entity/Q3655278,t1950229525
http://www.wikidata.org/entity/Q3655306,http://www.wikidata.org/entity/Q461531
http://www.wikidata.org/entity/Q3655332,t591217086
http://www.wikidata.org/entity/Q3655476,http://www.wikidata.org/entity/Q544816
http://www.wikidata.org/entity/Q3655571,t25596430
http://www.wikidata.org/entity/Q544909,http://www.wikidata.org/entity/Q7200984
http://www.wikidata.org/entity/Q545266,http://www.wikidata.org/entity/Q98065247
http://www.wikidata.org/entity/Q548179,t1664982008
http://www.wikidata.org/entity/Q549122,t1934066309
http://www.wikidata.org/entity/Q549132,http://www.wikidata.org/entity/Q1823589
http://www.wikidata.org/entity/Q549880,http://www.wikidata.org/entity/Q13479304
http://www.wikidata.org/entity/Q550450,http://www.wikidata.org/entity/Q3655884
http://www.wikidata.org/entity/Q550450,http://www.wikidata.org/entity/Q98242517
http://www.wikidata.org/entity/Q550603,t2239887726
http://www.wikidata.org/entity/Q551225,http://www.wikidata.org/entity/Q380857
http://www.wikidata.org/entity/Q553282,t2241228498
http://www.wikidata.org/entity/Q553282,t2241228502
http://www.wikidata.org/entity/Q554325,t7499143
http://www.wikidata.org/entity/Q554325,t7499162
http://www.wikidata.org/entity/Q554395,t2246514427
http://www.wikidata.org/entity/Q554395,t2246514431
http://www.wikidata.org/entity/Q557052,t1664982040
http://www.wikidata.org/entity/Q559871,t2220387165
http://www.wikidata.org/entity/Q559871,t2220387166
http://www.wikidata.org/entity/Q561677,t1394400368
http://www.wikidata.org/entity/Q561896,t1394400376
http://www.wikidata.org/entity/Q568498,http://www.wikidata.org/entity/Q12899377
http://www.wikidata.org/entity/Q570532,http://www.wikidata.org/entity/Q543615
http://www.wikidata.org/entity/Q577184,t1664982063
http://www.wikidata.org/entity/Q579263,http://www.wikidata.org/entity/Q3031793
http://www.wikidata.org/entity/Q579548,t849471998
http://www.wikidata.org/entity/Q583860,http://www.wikidata.org/entity/Q11910936
http://www.wikidata.org/entity/Q594441,http://www.wikidata.org/entity/Q12272327
http://www.wikidata.org/entity/Q604360,t849742312
http://www.wikidata.org/entity/Q606409,http://www.wikidata.org/entity/Q7924698
http://www.wikidata.org/entity/Q606722,http://www.wikidata.org/entity/Q3589326
http://www.wikidata.org/entity/Q607934,http://www.wikidata.org/entity/Q45530
http://www.wikidata.org/entity/Q611638,t2254310973
http://www.wikidata.org/entity/Q612508,t1665515718
http://www.wikidata.org/entity/Q615040,t2242258526
http://www.wikidata.org/entity/Q616864,t2222984313
http://www.wikidata.org/entity/Q621105,t1665515612
http://www.wikidata.org/entity/Q621137,t295754678
http://www.wikidata.org/entity/Q629878,http://www.wikidata.org/entity/Q12295762
http://www.wikidata.org/entity/Q634791,http://www.wikidata.org/entity/Q106291560
http://www.wikidata.org/entity/Q636872,t1123446862
http://www.wikidata.org/entity/Q636872,t1123446923
http://www.wikidata.org/entity/Q637596,t2241282731
http://www.wikidata.org/entity/Q637903,t296043603
http://www.wikidata.org/entity/Q642997,t2217991451
http://www.wikidata.org/entity/Q646993,http://www.wikidata.org/entity/Q442503
http://www.wikidata.org/entity/Q650813,http://www.wikidata.org/entity/Q241445
http://www.wikidata.org/entity/Q651208,http://www.wikidata.org/entity/Q1893528
http://www.wikidata.org/entity/Q653740,t1934861528
http://www.wikidata.org/entity/Q654348,http://www.wikidata.org/entity/Q105871926
http://www.wikidata.org/entity/Q654615,t1395210914
http://www.wikidata.org/entity/Q656527,t2217662966
http://www.wikidata.org/entity/Q657468,t1395210895
http://www.wikidata.org/entity/Q657609,t1934861473
http://www.wikidata.org/entity/Q659723,t574942157
http://www.wikidata.org/entity/Q659723,t574942215
http://www.wikidata.org/entity/Q660112,http://www.wikidata.org/entity/Q5427629
http://www.wikidata.org/entity/Q661915,http://www.wikidata.org/entity/Q104842701
http://www.wikidata.org/entity/Q664229,t2220607650
http://www.wikidata.org/entity/Q666740,http://www.wikidata.org/entity/Q94699005
http://www.wikidata.org/entity/Q668626,t1123720144
http://www.wikidata.org/entity/Q669830,http://www.wikidata.org/entity/Q4815798
http://www.wikidata.org/entity/Q670737,t1395479687
http://www.wikidata.org/entity/Q671419,http://www.wikidata.org/entity/Q96578825
http://www.wikidata.org/entity/Q671846,t1123720127
http://www.wikidata.org/entity/Q672403,t296326283
http://www.wikidata.org/entity/Q673518,t575223806
http://www.wikidata.org/entity/Q673761,t575223778
http://www.wikidata.org/entity/Q674757,http://www.wikidata.org/entity/Q4769176
http://www.wikidata.org/entity/Q675499,t575223786
http://www.wikidata.org/entity/Q675710,http://www.wikidata.org/entity/Q5194730
http://www.wikidata.org/entity/Q677900,http://www.wikidata.org/entity/Q105495641
http://www.wikidata.org/entity/Q685423,t575223857
http://www.wikidata.org/entity/Q691847,t1395479654
http://www.wikidata.org/entity/Q692406,t8696932
http://www.wikidata.org/entity/Q703346,http://www.wikidata.org/entity/Q100804879
http://www.wikidata.org/entity/Q703354,t850576590
http://www.wikidata.org/entity/Q703354,t850576668
http://www.wikidata.org/entity/Q703354,t850576691
http://www.wikidata.org/entity/Q703362,t1666280602
http://www.wikidata.org/entity/Q703362,t1666280646
http://www.wikidata.org/entity/Q703448,http://www.wikidata.org/entity/Q106042353
http://www.wikidata.org/entity/Q703448,t2240550996
http://www.wikidata.org/entity/Q703580,http://www.wikidata.org/entity/Q236459
http://www.wikidata.org/entity/Q11034410,http://www.wikidata.org/entity/Q1823586
http://www.wikidata.org/entity/Q11472936,t2247016911
http://www.wikidata.org/entity/Q11768202,t1430109591
http://www.wikidata.org/entity/Q11917891,t2234371750
http://www.wikidata.org/entity/Q11923514,http://www.wikidata.org/entity/Q256316
http://www.wikidata.org/entity/Q11923552,t2217272874
http://www.wikidata.org/entity/Q11923620,http://www.wikidata.org/entity/Q435946
http://www.wikidata.org/entity/Q11923627,t2242439736
http://www.wikidata.org/entity/Q11923628,t1158936239
http://www.wikidata.org/entity/Q11923652,t1430353902
http://www.wikidata.org/entity/Q11924394,http://www.wikidata.org/entity/Q97062732
http://www.wikidata.org/entity/Q75755163,t1051563593
http://www.wikidata.org/entity/Q75837361,t777698409
http://www.wikidata.org/entity/Q75853190,t1594082968
http://www.wikidata.org/entity/Q89587803,t1088371899
http://www.wikidata.org/entity/Q89587827,t259379433
http://www.wikidata.org/entity/Q89588511,t2236806777
http://www.wikidata.org/entity/Q92430378,t1367829125
http://www.wikidata.org/entity/Q92435761,t546783331
http://www.wikidata.org/entity/Q92757108,t1368969323
http://www.wikidata.org/entity/Q93120480,t548970158
http://www.wikidata.org/entity/Q93714494,http://www.wikidata.org/entity/Q2743448
http://www.wikidata.org/entity/Q93953755,http://www.wikidata.org/entity/Q2743448
http://www.wikidata.org/entity/Q93957250,http://www.wikidata.org/entity/Q93960344
http://www.wikidata.org/entity/Q93959884,t826339009
http://www.wikidata.org/entity/Q93966288,http://www.wikidata.org/entity/Q93118843
http://www.wikidata.org/entity/Q94102336,t551072876
http://www.wikidata.org/entity/Q94127670,http://www.wikidata.org/entity/Q15709216
http://www.wikidata.org/entity/Q94523629,t2236798921
http://www.wikidata.org/entity/Q94524209,t2236798916
http://www.wikidata.org/entity/Q94697095,t1101646732
http://www.wikidata.org/entity/Q97004206,t831878361
http://www.wikidata.org/entity/Q97004722,t1377289990
http://www.wikidata.org/entity/Q97015928,t277075854
http://www.wikidata.org/entity/Q97015935,t831878244
http://www.wikidata.org/entity/Q97062471,t556515014
http://www.wikidata.org/entity/Q97062710,t2185238318
http://www.wikidata.org/entity/Q97074881,t832072629
http://www.wikidata.org/entity/Q97077132,t1647946847
http://www.wikidata.org/entity/Q97139304,t1647946827
http://www.wikidata.org/entity/Q97139370,t832072627
http://www.wikidata.org/entity/Q97156654,t556515035
http://www.wikidata.org/entity/Q97489697,t556838000
http://www.wikidata.org/entity/Q97515893,t2185579459
http://www.wikidata.org/entity/Q97573368,t1917810128
http://www.wikidata.org/entity/Q97573375,t1648419815
http://www.wikidata.org/entity/Q97608716,t1648595539
http://www.wikidata.org/entity/Q97608851,t1106342517
http://www.wikidata.org/entity/Q97616681,http://www.wikidata.org/entity/Q97617003
http://www.wikidata.org/entity/Q97619203,t2217625044
http://www.wikidata.org/entity/Q97621050,t1106342441
http://www.wikidata.org/entity/Q97622696,t1917810122
http://www.wikidata.org/entity/Q97622720,t557208101
http://www.wikidata.org/entity/Q97622924,t2185926916
http://www.wikidata.org/entity/Q97666879,t557208100
http://www.wikidata.org/entity/Q97666929,t1918000690
http://www.wikidata.org/entity/Q97666961,t832677552
http://www.wikidata.org/entity/Q97667140,t832677587
http://www.wikidata.org/entity/Q97684608,t1106542943
http://www.wikidata.org/entity/Q97684806,http://www.wikidata.org/entity/Q65619947
http://www.wikidata.org/entity/Q97720994,t1648794441
http://www.wikidata.org/entity/Q97722876,t1918000691
http://www.wikidata.org/entity/Q97723764,t557208124
http://www.wikidata.org/entity/Q97723873,t2186122505
http://www.wikidata.org/entity/Q97725829,t2186122461
http://www.wikidata.org/entity/Q97824081,t832878306
http://www.wikidata.org/entity/Q97824086,http://www.wikidata.org/entity/Q65619947
http://www.wikidata.org/entity/Q97825598,http://www.wikidata.org/entity/Q97824749
http://www.wikidata.org/entity/Q97831763,t1918188664
http://www.wikidata.org/entity/Q97834339,t832878366
http://www.wikidata.org/entity/Q97924803,t833070644
http://www.wikidata.org/entity/Q97927851,t1378519986
http://www.wikidata.org/entity/Q97932751,t278358788
http://www.wikidata.org/entity/Q98103439,t557860744
http://www.wikidata.org/entity/Q98109415,t1378971933
http://www.wikidata.org/entity/Q98109457,t2255922181
http://www.wikidata.org/entity/Q98374052,t558454699
http://www.wikidata.org/entity/Q98659434,t558987443
http://www.wikidata.org/entity/Q98739834,t2237344614
http://www.wikidata.org/entity/Q99671041,http://www.wikidata.org/entity/Q433463
http://www.wikidata.org/entity/Q99774707,t560637346
http://www.wikidata.org/entity/Q99896748,t1652164736
http://www.wikidata.org/entity/Q101105495,http://www.wikidata.org/entity/Q104626458
http://www.wikidata.org/entity/Q102349608,t563135493
http://www.wikidata.org/entity/Q102350968,t2191732339
http://www.wikidata.org/entity/Q102390583,t2234357634
http://www.wikidata.org/entity/Q102417058,t1654364813
http://www.wikidata.org/entity/Q102423647,t1923804823
http://www.wikidata.org/entity/Q102450912,t1112297053
http://www.wikidata.org/entity/Q104029158,t284580024
http://www.wikidata.org/entity/Q104640766,http://www.wikidata.org/entity/Q104641130
http://www.wikidata.org/entity/Q105790190,http://www.wikidata.org/entity/Q60320666
http://www.wikidata.org/entity/Q71133179,http://www.wikidata.org/entity/Q71132600
http://www.wikidata.org/entity/Q73359480,t496889987
http://www.wikidata.org/entity/Q73360721,t216805726
http://www.wikidata.org/entity/Q12291717,http://www.wikidata.org/entity/Q12271294
http://www.wikidata.org/entity/Q12291746,http://www.wikidata.org/entity/Q12272328
http://www.wikidata.org/entity/Q12296332,http://www.wikidata.org/entity/Q12299527
http://www.wikidata.org/entity/Q13030457,t48462946
http://www.wikidata.org/entity/Q14852482,http://www.wikidata.org/entity/Q2378356
http://www.wikidata.org/entity/Q15034789,t891995422
http://www.wikidata.org/entity/Q15709415,t2234366110
http://www.wikidata.org/entity/Q15711212,http://www.wikidata.org/entity/Q12141786
http://www.wikidata.org/entity/Q15723470,t1709232469
http://www.wikidata.org/entity/Q15833814,t1978171174
http://www.wikidata.org/entity/Q16189899,t342883128
http://www.wikidata.org/entity/Q16203434,http://www.wikidata.org/entity/Q104869095
http://www.wikidata.org/entity/Q18572168,http://www.wikidata.org/entity/Q5129262
http://www.wikidata.org/entity/Q18936044,http://www.wikidata.org/entity/Q7636568
http://www.wikidata.org/entity/Q19295754,t901667934
http://www.wikidata.org/entity/Q19609971,http://www.wikidata.org/entity/Q30026565
http://www.wikidata.org/entity/Q19716301,http://www.wikidata.org/entity/Q2126654
http://www.wikidata.org/entity/Q19947698,t902660228
http://www.wikidata.org/entity/Q20002235,t2248996779
http://www.wikidata.org/entity/Q20002252,t2250011842
http://www.wikidata.org/entity/Q20005554,t2248869197
http://www.wikidata.org/entity/Q20101780,t2249003728
http://www.wikidata.org/entity/Q20108545,t2249896402
http://www.wikidata.org/entity/Q20109059,t2248878599
http://www.wikidata.org/entity/Q20109060,http://www.wikidata.org/entity/Q19714893
http://www.wikidata.org/entity/Q20500760,http://www.wikidata.org/entity/Q3623564
http://www.wikidata.org/entity/Q21517620,http://www.wikidata.org/entity/Q11907072
http://www.wikidata.org/entity/Q21636541,http://www.wikidata.org/entity/Q40140733
http://www.wikidata.org/entity/Q28665780,t370595521
http://www.wikidata.org/entity/Q40741192,http://www.wikidata.org/entity/Q40741207
http://www.wikidata.org/entity/Q46512139,http://www.wikidata.org/entity/Q22661413
http://www.wikidata.org/entity/Q54553351,t2088315182
http://www.wikidata.org/entity/Q55399448,http://www.wikidata.org/entity/Q55399410
http://www.wikidata.org/entity/Q55440325,t177961556
http://www.wikidata.org/entity/Q55463243,t177961572
http://www.wikidata.org/entity/Q55463592,t1281709804
http://www.wikidata.org/entity/Q55463614,t177961532
http://www.wikidata.org/entity/Q55753199,t1822458359
http://www.wikidata.org/entity/Q57150521,t2094342028
http://www.wikidata.org/entity/Q57329994,t1286148996
http://www.wikidata.org/entity/Q57331818,http://www.wikidata.org/entity/Q469853
http://www.wikidata.org/entity/Q63104646,http://www.wikidata.org/entity/Q64842254
http://www.wikidata.org/entity/Q63104647,http://www.wikidata.org/entity/Q64853894
http://www.wikidata.org/entity/Q63105711,t1569402151
http://www.wikidata.org/entity/Q63149369,t1839115247
http://www.wikidata.org/entity/Q63171208,t476835557
http://www.wikidata.org/entity/Q63315125,t1569718273
http://www.wikidata.org/entity/Q63343975,t1027283011
http://www.wikidata.org/entity/Q64828024,t1301935081
http://www.wikidata.org/entity/Q64831801,t1029972778
http://www.wikidata.org/entity/Q64843265,t2110330313
http://www.wikidata.org/entity/Q64853920,t199283329
http://www.wikidata.org/entity/Q64868893,http://www.wikidata.org/entity/Q64854646
http://www.wikidata.org/entity/Q65151550,t2110689429
